{"cameraMode":{"drawMode":0,"name":"Shaded","section":"Shading Mode"},"sceneLighting":false,"audioPlay":false,"sceneViewState":{"showFog":true,"showMaterialUpdate":false,"showSkybox":true,"showFlares":true,"showImageEffects":true,"showParticleSystems":true},"in2DMode":false,"pivot":{"x":-0.17224502563476563,"y":-11.75922679901123,"z":0.7786903381347656},"rotation":{"x":0.2362547367811203,"y":0.7017862796783447,"z":-0.2692268192768097,"w":0.6158580183982849},"size":170.621337890625,"orthographic":false}