{"cameraMode":{"drawMode":0,"name":"Shaded","section":"Shading Mode"},"sceneLighting":true,"audioPlay":false,"sceneViewState":{"showFog":true,"showMaterialUpdate":false,"showSkybox":true,"showFlares":true,"showImageEffects":true,"showParticleSystems":true},"in2DMode":false,"pivot":{"x":4.362130641937256,"y":-23.363666534423829,"z":-67.60232543945313},"rotation":{"x":0.04639538750052452,"y":-0.9395243525505066,"z":0.14082778990268708,"w":0.3089962899684906},"size":100.8567886352539,"orthographic":false}