{"cameraMode":{"drawMode":0,"name":"Shaded","section":"Shading Mode"},"sceneLighting":false,"audioPlay":false,"sceneViewState":{"showFog":true,"showMaterialUpdate":false,"showSkybox":true,"showFlares":true,"showImageEffects":true,"showParticleSystems":true},"in2DMode":false,"pivot":{"x":6.282159328460693,"y":1.807560682296753,"z":-40.130001068115237},"rotation":{"x":0.3606002628803253,"y":0.146863654255867,"z":-0.05773608759045601,"w":0.9193588495254517},"size":10.830625534057618,"orthographic":false}