{"cameraMode":{"drawMode":0,"name":"Shaded","section":"Shading Mode"},"sceneLighting":false,"audioPlay":false,"sceneViewState":{"showFog":true,"showMaterialUpdate":false,"showSkybox":true,"showFlares":true,"showImageEffects":true,"showParticleSystems":true},"in2DMode":false,"pivot":{"x":0.0,"y":0.5060451030731201,"z":0.00014516711235046387},"rotation":{"x":0.07426285743713379,"y":0.8443923592567444,"z":-0.12141747027635575,"w":0.5165202617645264},"size":2.1112382411956789,"orthographic":false}